<?xml version="1.0" encoding="UTF-8" standalone="yes"?>
<VolumeProfiles>
	<!--
This VolumeProfile contains several <Profile> tags.  In each <profile> tag, 
<ProfileName> is the name of this profile.
<RepositoryType>: allow two values - enterprise, workgroup.
<ServerUrl> contains server url, for example, http://server1:8000.  If repositorytype is workgroup,
serverUrl will be ignored.
<volume> is the volume name.  If repositoryType is workgroup, volume will be ignored.
<Default> is optional. Valid values: true, false.  You can have only one default tag set to true.
If iportal request url does not contain serverurl, volume, repositorytype inforamtion, 
iPortal uses this default profile for the request url.   

<DashboardTemplatePath> is optional.  It defines dashboard template file located in the associated volume.
This template file has to be a ".dashboard" file and should be accessible by all users.  If template file
is not a ".dashboard" file, it will be ignored and default template file will be used.
The example below defines profile1 points to server http://serverName:8000 and volume "volumeName".
It also specifies a dashboard template file located at /Public/template.dashboard.

-->
	<!-- examples: -->
	<!-- 
    <Profile>
    	<Default>true</Default>
    	<ProfileName>profile1</ProfileName>
        <ServerUrl>http://serverName:port</ServerUrl>
        <Volume>volumeName</Volume>
        <RepositoryType>Enterprise</RepositoryType>
		<DashboardTemplatePath>/Public/template.dashboard</DashboardTemplatePath>
    </Profile>
    <Profile>
    	<ProfileName>profile2</ProfileName>
        <RepositoryType>workgroup</RepositoryType>
    </Profile>
-->

	<Profile>
		<Default>true</Default>
     	<ProfileName>workgroup</ProfileName>
		<RepositoryType>workgroup</RepositoryType>
      	<ServerUrl>$$SERVER_URL$$</ServerUrl>
      	<Volume>$$VOLUME$$</Volume>
	</Profile>
</VolumeProfiles>
